Competitor Name,Niche,Ad Format,Ads Running,Max Days Running,Entry Price,Offer Type,Hook Style,Key Angle,Resell Rights,Facebook Ad Library
Faceless Digital Marketing,Digital Products / MRR,Static Image,6+,680,$4.95,One-time bundle,Pain-Agitation / Social Proof,"Stop overthinking and start selling — $4.95 toolkit",No,https://www.facebook.com/ads/library/?search_type=page&q=Faceless+Digital+Marketing
Resell Rights Weekly,Digital Products / PLR Subscription,Carousel,7,52,$27/month,Monthly subscription,Feature List / Checkmarks,"30+ new products monthly — always have something to sell",Yes (monthly),https://www.facebook.com/ads/library/?search_type=page&q=Resell+Rights+Weekly
The Online Hustle,Digital Products / Passive Income,Video,4,1634,Free trial,Free trial + upsell,Curiosity / Soft Reveal,"Click the link below and try it for free for 7 days",Unknown,https://www.facebook.com/ads/library/?search_type=page&q=The+Online+Hustle
MasterResellRights.com,MRR Courses / Digital Products,Static + Video,3,135,Varies,One-time course bundles,Direct / Feature Benefit,"You Own The Rights — brand sell and keep 100% of the profit",Yes,https://www.facebook.com/ads/library/?search_type=page&q=MasterResellRights
Stan Store,Creator Economy / Digital Products,Video,2,807,Varies,Platform / subscription,Identity / Career Design,"Design your career to allow you to create passive income",No,https://www.facebook.com/ads/library/?search_type=page&q=Stan+Store
Gumroad,Digital Products Marketplace,Static,2,222,Free download,Free lead magnet + upsell,Reciprocity / Free Gift,"FREE download today — 99 ready-to-use prompts",No,https://www.facebook.com/ads/library/?search_type=page&q=Gumroad
Simple Profit System,Digital Products / Make Money Online,Static,1,205,Varies,Course / System,Identity / Transformation,"This is how moms nurses and teachers are quitting their jobs",No,https://www.facebook.com/ads/library/?search_type=page&q=Simple+Profit+System
Digital Boss Mom,Digital Products / Women Entrepreneurs,Video,Multiple,221,Varies,Course / Community,Story / Aspiration,"Women who create income freedom and confidence",No,https://www.facebook.com/ads/library/?search_type=page&q=Digital+Boss+Mom
BuyQualityPLR,PLR Products,Static,Multiple,Unknown,Varies,PLR bundle,Direct / Product Volume,"High quality PLR products ready to sell",Yes (PLR),https://www.facebook.com/ads/library/?search_type=page&q=BuyQualityPLR
PLR.me,PLR Membership,Static + Carousel,Multiple,Unknown,$27+/month,Membership,Feature List / Value,"Join thousands of content creators with done-for-you content",Yes (PLR),https://www.facebook.com/ads/library/?search_type=page&q=PLR.me
IDPLR,PLR Products Marketplace,Static,Multiple,Unknown,Varies,One-time + membership,Direct / Volume,"Thousands of PLR products — instant download",Yes (PLR),https://www.facebook.com/ads/library/?search_type=page&q=IDPLR
Passive Income Pathways,Passive Income / Digital Products,Video,Multiple,Unknown,Varies,Course / Community,Story / Identity,"Build passive income streams with digital products",No,https://www.facebook.com/ads/library/?search_type=page&q=Passive+Income+Pathways
Rachel Jimenez,Digital Products / MRR,Video,Multiple,Unknown,$37+,Course + MRR,Personal Brand / Story,"How I made my first $10k selling digital products with MRR",Yes,https://www.facebook.com/ads/library/?search_type=page&q=Rachel+Jimenez
Shinefy,AI + Digital Products,Video,Multiple,Unknown,Varies,Course / Tool,Contrarian / AI Angle,"You don't need complicated AI systems to make money online",No,https://www.facebook.com/ads/library/?search_type=page&q=Shinefy
The Digital Product Lab,Digital Products Education,Video,Multiple,Unknown,Varies,Course / Membership,Identity / Education,"Learn to create and sell digital products from scratch",No,https://www.facebook.com/ads/library/?search_type=page&q=The+Digital+Product+Lab
