Competitor Name,Ad Library URL,Ad ID,Date Found,Ad Status (Active/Inactive),Ad Format (Static/Video/Carousel),Hook (First Line),Headline,Primary Text (First 125 chars),CTA Button,Landing Page URL,Offer/Price,Est. Run Duration (Days),Likes/Reactions,Notes / Observations
PLR.me,,,,,,,,,,,,,,
MasterResellRights.com,,,,,,,,,,,,,,
IDPLR,,,,,,,,,,,,,,
BuyQualityPLR,,,,,,,,,,,,,,
Roadmap to Riches,,,,,,,,,,,,,,
Digital Wealth Academy,,,,,,,,,,,,,,
Simple Profit System,,,,,,,,,,,,,,
The Roadmap MRR,,,,,,,,,,,,,,
Faceless Digital Marketing,,,,,,,,,,,,,,
PLR Hustle,,,,,,,,,,,,,,
PLR Database,,,,,,,,,,,,,,
Gumroad,,,,,,,,,,,,,,
Stan Store,,,,,,,,,,,,,,
WarriorPlus,,,,,,,,,,,,,,
Clickbank,,,,,,,,,,,,,,
